0,0
0,0
0,0
2283,2323
2283,2324
2284,2323
2285,2323
2284,2324
2284,2324
2284,2324
2284,2323
2284,2324
2283,2323
2284,2324
2284,2323
2284,2324
2284,2323
2283,2323
2284,2324
2287,2327
2277,2314
2293,2329
2282,2325
2281,2326
2287,2325
2282,2325
2282,2324
2285,2324
2283,2321
2285,2324
2282,2320
2288,2330
2273,2314
2288,2322
2285,2320
2281,2321
2286,2323
2284,2324
2282,2323
2284,2323
2284,2324
2283,2323
2294,2367
2416,2583
2405,2544
2383,2502
2383,2489
2382,2490
2383,2490
2383,2490
2383,2489
2382,2490
2382,2489
2382,2490
2382,2490
2383,2490
2384,2489
2382,2490
2383,2490
2383,2490
2383,2490
2383,2490
2383,2489
2382,2489
2382,2490
2382,2489
2383,2489
2383,2490
2383,2489
2382,2489
2383,2490
2384,2490
2382,2490
2382,2489
2382,2489
2383,2490
2382,2490
2383,2491
2383,2490
2382,2489
2382,2490
2383,2490
2383,2490
2382,2489
2382,2490
2382,2489
2382,2489
2382,2491
2382,2490
2383,2490
2382,2489
2382,2489
2381,2489
2383,2489
2383,2489
2382,2488
2382,2489
2382,2488
2381,2490
2382,2489
2382,2489
2383,2489
2382,2489
2382,2488
2381,2489
2382,2489
2383,2489
2382,2489
2382,2488
2383,2489
2383,2489
2382,2489
2382,2488
2382,2488
2383,2489
2383,2489
2382,2490
2381,2489
2382,2489
2383,2489
2383,2489
2382,2489
2381,2489
2382,2488
2381,2490
2383,2489
2383,2488
2390,2490
2413,2494
2417,2499
2417,2499
2418,2499
2414,2499
2389,2495
2382,2489
2380,2488
2380,2488
2381,2488
2381,2489
2381,2489
2381,2489
2381,2488
2381,2488
2382,2488
2381,2488
2382,2488
2382,2489
2382,2488
2381,2487
2381,2488
2381,2488
2382,2488
2382,2489
2382,2489
2381,2489
2380,2488
2381,2488
2381,2488
2382,2488
2382,2488
2382,2487
2381,2487
2382,2488
2380,2488
2381,2488
2381,2488
2382,2489
2382,2488
2381,2488
2381,2487
2381,2488
2382,2488
2382,2488
2381,2488
2382,2488
2380,2488
2381,2488
2381,2488
2382,2488
2381,2487
2381,2488
2380,2488
2380,2487
2381,2487
2382,2487
2381,2488
2382,2487
2380,2488
2382,2488
2380,2488
2381,2489
2380,2488
2381,2488
2381,2488
2379,2488
2381,2488
2381,2487
2381,2487
2381,2488
2381,2486
2379,2487
2381,2487
2380,2487
2381,2487
2382,2487
2381,2488
2380,2487
2381,2487
2380,2487
2380,2487
2381,2487
2381,2487
2380,2488
2381,2487
2380,2487
2380,2487
2381,2487
2380,2487
2380,2487
2380,2487
2399,2487
2416,2496
2417,2498
2417,2498
2417,2498
2417,2498
2416,2498
2392,2495
2380,2488
2379,2487
2380,2487
2380,2486
2379,2487
2379,2486
2380,2486
2380,2487
2380,2486
2379,2486
2379,2486
2378,2487
2379,2486
2380,2486
2379,2486
2379,2486
2379,2486
2379,2486
2380,2486
2379,2486
2379,2486
2379,2485
2379,2486
2379,2485
2378,2486
2379,2486
2380,2486
2380,2485
2379,2487
2378,2485
2379,2485
2379,2486
2379,2486
2379,2486
2379,2486
2379,2485
2379,2486
2379,2486
2380,2485
2380,2486
2379,2486
2380,2485
2378,2485
2379,2486
2379,2486
2379,2485
2379,2486
2379,2485
2378,2486
2378,2485
2380,2486
2378,2486
2379,2485
2378,2486
2379,2485
2379,2484
2378,2485
2379,2486
2379,2486
2379,2485
2379,2485
2379,2485
2378,2486
2379,2485
2378,2486
2379,2486
2378,2485
2379,2486
2379,2485
2378,2485
2379,2485
2378,2484
2378,2484
2379,2486
2378,2486
2379,2485
2378,2485
2379,2486
2378,2485
2378,2486
2378,2485
2379,2485
2378,2485
2378,2485
2378,2485
2378,2485
2378,2486
2378,2485
2378,2485
2379,2485
2379,2485
2378,2484
2379,2485
2378,2485
2378,2485
2379,2485
2379,2484
2378,2484
2379,2485
2378,2485
2378,2485
2379,2484
2377,2484
2379,2484
2378,2485
2378,2484
2378,2484
2378,2484
2378,2485
2379,2484
2378,2485
2377,2485
2378,2485
2378,2484
2378,2484
2378,2485
2378,2485
2378,2485
2379,2484
2378,2484
2378,2484
2377,2485
2378,2484
2377,2484
2378,2484
2378,2484
2377,2484
2378,2484
2378,2485
2378,2484
2378,2485
2377,2484
2378,2484
2377,2484
2378,2484
2378,2484
2378,2484
2377,2483
2377,2483
2378,2484
2378,2484
2378,2484
2378,2484
2377,2483
2377,2483
2378,2484
2377,2483
2378,2484
2378,2483
2377,2483
2377,2484
2378,2484
2377,2484
2378,2484
2378,2484
2376,2484
2377,2485
2377,2483
2377,2483
2377,2483
2378,2484
2377,2484
2377,2484
2377,2484
2377,2483
2377,2483
2378,2483
2377,2484
2377,2483
2377,2483
2377,2483
2377,2483
2378,2483
2377,2483
2377,2484
2376,2483
2377,2484
2377,2483
2377,2483
2377,2483
2377,2483
2378,2484
2376,2482
2377,2484
2377,2484
2377,2483
2377,2483
2377,2483
2377,2483
2376,2483
2376,2483
2378,2483
2377,2483
2376,2483
2377,2484
2376,2482
2376,2483
2376,2482
2377,2483
2376,2483
2376,2482
2377,2483
2377,2482
2376,2483
2376,2483
2377,2482
2376,2482
2377,2482
2376,2483
2376,2483
2376,2482
2377,2482
2377,2482
2377,2482
2376,2482
2377,2483
2376,2483
2377,2483
2377,2482
2377,2482
2376,2482
2377,2483
2376,2482
2376,2482
2377,2483
2376,2482
2376,2483
2377,2483
2375,2482
2376,2482
2376,2482
2377,2482
2377,2482
2376,2482
2377,2482
2376,2483
2376,2482
2376,2483
2376,2482
2377,2482
2376,2482
2376,2482
2376,2483
2376,2481
2376,2482
2376,2482
2376,2482
2377,2482
2376,2481
2376,2481
2376,2481
2375,2482
2377,2482
2375,2482
2376,2481
2376,2481
2376,2481
2377,2481
2377,2481
2376,2481
2375,2481
2374,2482
2376,2481
2375,2481
2375,2482
2376,2481
2375,2482
2376,2481
2375,2482
2376,2482
2376,2482
2374,2481
2376,2482
2375,2482
2376,2481
2375,2481
2376,2482
2376,2482
2376,2482
2375,2481
2375,2481
2375,2481
2376,2481
2376,2481
2376,2481
2376,2481
2375,2481
2376,2481
2375,2481
2375,2481
2375,2481
2375,2481
2375,2480
2375,2481
2376,2482
2375,2480
2375,2480
2376,2480
2375,2480
2375,2480
2376,2480
2375,2482
2376,2480
2375,2480
2376,2480
2375,2480
2375,2480
2375,2480
2375,2481
2375,2481
2375,2480
2376,2480
2375,2481
2375,2480
2376,2481
2375,2481
2375,2480
2375,2480
2375,2480
2375,2479
2375,2481
2375,2479
2375,2480
2376,2480
2376,2480
2375,2480
2375,2480
2375,2480
2374,2480
2374,2480
2375,2480
2375,2480
2375,2480
2374,2480
2376,2481
2375,2480
2375,2481
2375,2480
2375,2479
2375,2480
2375,2481
2375,2480
2375,2479
2375,2480
2375,2480
2374,2480
2375,2479
2374,2480
2375,2480
2376,2480
2375,2479
2374,2480
2375,2479
2374,2479
2374,2480
2374,2480
2375,2480
2375,2480
2375,2479
2375,2480
2375,2480
2374,2479
2374,2479
2375,2479
2375,2480
2374,2479
2374,2480
2374,2480
2374,2479
2375,2479
2376,2479
2374,2480
2374,2480
2373,2479
2374,2479
2374,2479
2375,2480
2374,2480
2374,2479
2373,2479
2374,2479
2374,2479
2374,2479
2374,2479
2374,2479
2373,2479
2373,2479
2375,2479
2374,2479
2374,2479
2373,2479
2374,2479
2374,2480
2374,2479
2373,2478
2374,2479
2374,2479
2374,2479
2374,2479
2374,2479
2373,2479
2373,2479
2373,2479
2374,2479
2375,2478
2374,2478
2375,2478
2374,2480
2373,2479
2374,2479
2374,2478
2374,2479
2375,2479
2374,2479
2374,2478
2374,2478
2374,2478
2373,2478
2374,2479
2374,2478
2374,2478
2374,2479
2374,2479
2374,2479
2373,2479
2374,2479
2374,2478
2374,2479
2373,2479
2373,2478
2373,2478
2373,2479
2372,2479
2374,2478
2374,2479
2373,2478
2373,2478
2372,2478
2373,2478
2374,2478
2373,2478
2374,2478
2373,2478
2373,2477
2373,2477
2373,2477
2373,2478
2374,2478
2374,2478
2373,2478
2373,2478
2373,2478
2373,2477
2374,2477
2373,2477
2373,2478
2373,2478
2373,2478
2374,2477
2373,2478
2373,2478
2373,2478
2374,2477
2373,2477
2373,2477
2372,2477
2373,2477
2374,2477
2374,2478
2373,2477
2373,2477
2373,2478
2373,2478
2373,2477
2373,2477
2374,2478
2372,2477
2373,2477
2372,2478
2373,2478
2373,2478
2374,2477
2373,2477
2373,2477
2373,2477
2373,2477
2373,2478
2373,2477
2374,2477
2372,2477
2372,2477
2373,2476
2373,2478
2374,2477
2372,2477
2372,2476
2372,2477
2372,2477
2372,2476
2372,2477
2373,2476
2372,2478
2372,2477
2372,2477
2372,2477
2373,2477
2372,2477
2372,2477
2371,2476
2371,2476
2372,2477
2372,2476
2372,2477
2373,2476
2372,2476
2372,2476
2372,2476
2372,2477
2372,2476
2372,2476
2372,2478
2372,2477
2371,2476
2372,2475
2372,2476
2372,2476
2372,2476
2372,2476
2372,2476
2373,2476
2372,2477
2372,2476
2372,2476
2373,2476
2373,2477
2372,2477
2372,2477
2372,2476
2372,2477
2372,2476
2371,2476
2371,2477
2372,2476
2371,2475
2373,2476
2372,2475
2372,2476
2371,2475
2372,2476
2372,2475
2372,2475
2373,2475
2372,2475
2371,2476
2371,2476
2372,2476
2372,2475
2371,2475
2373,2476
2371,2476
2372,2475
2371,2475
2372,2475
2372,2475
2372,2476
2373,2475
2371,2476
2371,2476
2371,2475
2371,2475
2372,2475
2371,2476
2371,2475
2371,2476
2371,2475
2371,2475
2371,2476
2372,2475
2372,2475
2372,2475
2371,2474
2372,2475
2371,2475
2372,2475
2371,2475
2372,2475
2371,2475
2372,2475
2372,2475
2372,2475
2372,2475
2372,2475
2372,2475
2371,2475
2371,2475
2371,2475
2371,2475
2372,2475
2372,2475
2371,2474
2371,2475
2371,2474
2371,2475
2371,2475
2372,2475
2371,2475
2371,2475
2371,2475
2371,2474
2371,2474
2371,2475
2370,2475
2371,2475
2371,2474
2372,2474
2371,2474
2371,2474
2371,2474
2371,2475
2370,2474
2371,2475
2371,2474
2371,2474
2370,2474
2370,2474
2371,2474
2371,2474
2371,2474
2370,2474
2371,2474
2371,2474
2371,2474
2372,2474
2370,2474
2370,2474
2370,2475
2370,2474
2371,2474
2372,2474
2370,2474
2371,2473
2370,2474
2372,2474
2371,2474
2371,2475
2370,2474
2370,2474
2370,2475
2371,2474
2371,2474
2370,2474
2371,2474
2371,2474
2370,2473
2370,2474
2371,2474
2370,2473
2370,2474
2370,2474
2370,2473
2369,2472
2370,2473
2370,2474
2369,2474
2371,2473
2371,2473
2370,2472
2370,2474
2370,2473
2370,2473
2371,2473
2371,2473
2370,2473
2370,2474
2371,2474
2370,2473
2370,2473
2370,2474
2370,2474
2370,2472
2369,2473
2370,2474
2370,2473
2370,2473
2370,2473
2369,2473
2369,2473
2370,2472
2370,2473
2369,2473
2371,2473
2370,2472
2370,2473
2369,2473
2370,2473
2370,2472
2370,2474
2369,2473
2370,2474
2370,2473
2370,2473
2369,2473
2369,2473
2369,2473
2370,2473
2370,2473
2369,2473
2369,2472
2370,2473
2369,2472
2370,2472
2370,2473
2370,2473
2369,2472
2370,2473
2368,2473
2371,2472
2371,2473
2369,2472
2369,2473
2370,2472
2370,2472
2370,2471
2369,2472
2370,2472
2369,2473
2369,2472
2368,2473
2369,2472
2369,2472
2369,2472
2369,2472
2369,2473
2369,2473
2369,2472
2370,2473
2369,2472
2369,2473
2370,2472
2370,2472
2369,2471
2369,2472
2369,2472
2369,2472
2370,2472
2368,2472
2369,2472
2369,2472
2369,2472
2370,2472
2369,2471
2368,2471
2369,2472
2369,2472
2369,2473
2369,2471
2369,2472
2370,2472
2369,2471
2368,2471
2369,2471
2370,2472
2369,2471
2368,2471
2368,2471
2368,2471
2369,2472
2369,2472
2369,2472
2369,2471
2368,2471
2368,2472
2369,2472
2370,2471
2369,2472
2369,2471
2369,2471
2368,2471
2368,2471
2368,2471
2368,2471
2369,2472
2369,2471
2369,2471
2368,2471
2369,2471
2370,2471
2369,2472
2369,2471
2368,2471
2369,2471
2368,2471
2368,2471
2369,2471
2369,2471
2368,2471
2368,2471
2368,2471
2368,2471
2369,2471
2369,2471
2369,2471
2369,2471
2368,2470
2369,2470
2369,2471
2368,2471
2368,2471
2369,2471
2368,2470
2368,2471
2368,2470
2368,2472
2369,2470
2368,2470
2369,2470
2367,2471
2368,2470
2369,2471
2368,2470
2368,2470
2369,2471
2368,2470
2367,2471
2368,2470
2368,2470
2368,2470
2368,2470
2369,2471
2368,2471
2368,2470
2368,2470
2369,2469
2368,2471
2368,2470
2367,2470
2367,2471
2368,2470
2368,2470
2369,2470
2367,2470
2368,2471
2368,2471
2367,2470
2368,2470
2368,2470
2368,2471
2369,2470
2367,2470
2368,2470
2368,2471
2368,2470
2368,2470
2367,2469
2367,2471
2368,2470
2367,2470
2368,2470
2367,2469
2368,2470
2368,2469
2367,2470
2368,2469
2368,2470
2368,2469
2367,2470
2367,2469
2368,2470
2368,2470
2368,2469
2368,2470
2368,2470
2367,2470
2367,2469
2367,2469
2368,2470
2368,2469
2368,2469
2368,2470
2367,2469
2367,2469
2367,2469
2367,2469
2368,2469
2367,2469
2367,2470
2367,2470
2368,2470
2367,2469
2368,2468
2368,2469
2368,2469
2366,2470
2367,2469
2367,2469
2367,2469
2367,2469
2367,2469
2366,2469
2367,2469
2366,2469
2368,2469
2367,2468
2368,2469
2366,2469
2367,2469
2367,2469
2367,2469
2367,2469
2368,2469
2367,2469
2367,2469
2367,2469
2368,2469
2367,2469
2367,2469
2368,2468
2368,2469
2367,2469
2366,2469
2367,2468
2367,2468
2367,2468
2366,2469
2367,2468
2366,2469
2366,2468
2366,2468
2366,2469
2366,2469
2367,2469
2367,2468
2367,2469
2367,2468
2367,2469
2367,2469
2366,2468
2366,2469
2366,2468
2367,2468
2367,2468
2367,2468
2366,2468
2367,2468
2367,2468
2367,2468
2368,2469
2367,2469
2367,2468
2366,2468
2367,2468
2366,2468
2366,2468
2366,2468
2366,2468
2366,2468
2366,2468
2367,2468
2366,2468
2366,2468
2366,2467
2368,2468
2367,2467
2366,2468
2366,2468
2366,2468
2367,2468
2367,2468
2367,2468
2367,2468
2366,2468
2367,2467
2367,2468
2366,2468
2366,2467
2366,2468
2366,2468
2366,2467
2366,2468
2367,2468
2366,2467
2366,2468
2366,2468
2366,2467
2366,2467
2366,2468
2366,2467
2367,2467
2366,2467
2366,2468
2366,2467
2366,2467
2365,2467
2366,2467
2366,2467
2365,2467
2365,2467
2366,2466
2366,2467
2366,2467
2366,2467
2365,2467
2366,2467
2366,2467
2365,2467
2365,2467
2366,2467
2365,2467
2366,2467
2365,2467
2366,2467
2366,2467
2365,2466
2366,2467
2366,2466
2366,2466
2367,2467
2366,2467
2366,2467
2366,2466
2366,2467
2365,2466
2365,2467
2366,2467
2366,2467
2366,2467
2365,2467
2365,2467
2364,2466
2365,2467
2366,2467
2365,2467
2366,2466
2365,2466
2366,2466
2365,2466
2365,2467
2366,2466
2366,2467
2365,2466
2365,2467
2365,2467
2365,2467
2366,2466
2366,2467
2365,2467
2365,2467
2365,2466
2365,2466
2365,2466
2366,2466
2365,2466
2366,2466
2365,2465
2366,2466
2365,2467
2365,2466
2365,2465
2365,2466
2365,2466
2365,2465
2365,2466
2365,2466
2365,2466
2364,2466
2365,2466
2365,2466
2364,2466
2366,2466
2366,2465
2365,2466
2364,2465
2365,2466
2364,2466
2365,2466
2365,2465
2365,2465
2365,2466
2366,2465
2364,2466
2365,2466
2365,2466
2365,2466
2365,2466
2366,2466
2364,2466
2364,2466
2364,2466
2365,2466
2365,2465
2364,2466
2364,2464
2365,2465
2365,2465
2364,2465
2364,2465
2364,2465
2364,2465
2364,2465
2365,2465
2365,2465
2364,2465
2364,2464
2364,2465
2363,2465
2365,2466
2364,2465
2365,2465
2365,2465
2365,2466
2364,2465
2363,2464
2363,2464
2363,2465
2364,2466
2365,2465
2364,2466
2364,2464
2364,2464
2364,2465
2363,2465
2364,2465
2364,2465
2365,2465
2364,2464
2364,2465
2363,2464
2364,2464
2364,2465
2363,2464
2364,2465
2364,2465
2364,2465
2364,2464
2364,2464
2365,2465
2364,2464
2364,2464
2364,2465
2364,2464
2364,2464
2364,2465
2364,2464
2364,2464
2364,2465
2364,2464
2364,2464
2365,2465
2364,2464
2364,2464
2363,2464
2364,2464
2362,2464
2363,2464
2364,2464
2364,2464
2363,2464
2364,2464
2363,2465
2364,2464
2364,2463
2365,2463
2363,2463
2363,2465
2363,2464
2364,2464
2364,2464
2364,2464
2364,2464
2363,2464
2363,2464
2364,2464
2364,2464
2364,2464
2364,2463
2363,2464
2364,2464
2362,2463
2363,2463
2364,2463
2364,2463
2364,2464
2363,2464
2363,2464
2362,2464
2363,2463
2364,2463
2364,2463
2363,2464
2363,2464
2363,2463
2364,2463
2363,2464
2364,2464
2364,2463
2363,2463
2363,2463
2364,2463
2363,2463
2364,2463
2364,2462
2364,2463
2363,2463
2362,2463
2363,2463
2363,2464
2363,2463
2363,2464
2363,2463
2363,2463
2362,2463
2363,2463
2363,2463
2364,2464
2364,2463
2363,2463
2363,2464
2362,2462
2363,2463
2363,2463
2364,2462
2363,2464
2363,2463
2362,2463
2364,2463
2363,2462
2363,2463
2363,2463
2363,2463
2363,2462
2363,2463
2362,2463
2363,2463
2363,2463
2362,2463
2363,2463
2362,2462
2363,2463
2363,2463
2364,2462
2363,2463
2363,2462
2363,2462
2363,2462
2363,2463
2364,2463
2363,2463
2363,2463
2363,2463
2363,2462
2363,2463
2363,2462
2363,2462
2363,2463
2362,2463
2363,2463
2363,2463
2363,2463
2362,2462
2363,2462
2363,2462
2362,2462
2362,2462
2363,2463
2363,2461
2363,2462
2362,2462
2363,2462
2363,2462
2361,2462
2362,2462
2362,2462
2363,2462
2363,2462
2363,2462
2362,2462
2362,2462
2363,2462
2363,2462
2363,2462
2362,2462
2363,2462
2363,2461
2362,2462
2362,2462
2362,2462
2362,2462
2363,2461
2362,2461
2362,2461
2363,2461
2362,2462
2363,2462
2363,2462
2363,2462
2362,2462
2362,2461
2362,2462
2362,2461
2363,2461
2362,2461
2362,2462
2362,2461
2362,2462
2363,2462
2362,2462
2362,2462
2362,2462
2362,2462
2362,2462
2362,2462
2362,2461
2363,2462
2362,2461
2362,2461
2362,2461
2362,2462
2363,2461
2363,2461
2361,2461
2361,2461
2362,2461
2362,2461
2362,2462
2362,2461
2362,2462
2361,2460
2362,2460
2362,2461
2361,2462
2361,2461
2362,2461
2361,2461
2362,2460
2361,2461
2362,2461
2362,2461
2362,2461
2361,2461
2361,2461
2362,2460
2361,2461
2362,2461
2361,2461
2362,2460
2361,2460
2362,2461
2361,2461
2361,2460
2361,2461
2362,2460
2361,2461
2361,2461
2361,2461
2362,2460
2362,2461
2362,2461
2363,2460
2361,2461
2360,2460
2360,2461
2361,2461
2362,2461
2362,2461
2362,2460
2363,2461
2361,2460
2361,2460
2361,2461
2362,2460
2362,2460
2362,2460
2361,2461
2360,2460
2361,2460
2361,2460
2362,2460
2360,2461
2361,2461
2360,2460
2361,2459
2362,2460
2361,2460
2362,2460
2360,2460
2360,2461
2360,2461
2360,2461
2361,2461
2362,2459
2361,2460
2361,2460
2360,2460
2360,2460
2361,2460
2360,2460
2361,2459
2362,2459
2360,2459
2361,2460
2361,2460
2361,2460
2361,2459
2362,2460
2361,2459
2361,2460
2360,2460
2361,2459
2361,2459
2361,2460
2361,2460
2361,2460
2360,2459
2361,2460
2361,2460
2361,2460
2360,2460
2361,2460
2361,2460
2360,2459
2361,2459
2361,2460
2361,2459
2360,2459
2360,2460
2360,2459
2360,2459
2360,2460
2360,2459
2360,2459
2360,2459
2360,2459
2360,2459
2360,2459
2360,2459
2361,2459
2361,2460
2360,2459
2360,2459
2360,2459
2360,2458
2361,2459
2359,2459
2360,2458
2360,2459
2360,2459
2360,2459
2360,2458
2361,2459
2359,2460
2360,2459
2360,2459
2360,2458
2360,2458
2360,2459
2360,2459
2361,2459
2361,2459
2360,2458
2361,2459
2360,2459
2360,2458
2361,2458
2360,2459
2359,2458
2360,2458
2360,2459
2360,2459
2359,2458
2360,2459
2360,2459
2360,2458
2361,2459
2361,2459
2359,2459
2360,2459
2360,2458
2359,2458
2360,2458
2360,2459
2360,2458
2359,2458
2359,2458
2360,2458
2360,2458
2360,2459
2360,2459
2360,2459
2360,2458
2360,2459
2360,2458
2360,2458
2360,2459
2359,2459
2359,2458
2359,2458
2360,2458
2359,2458
2360,2458
2361,2458
2359,2458
2358,2458
2359,2458
2360,2458
2360,2458
2360,2458
2360,2458
2360,2458
2360,2459
2359,2459
2360,2456
2359,2458
2360,2457
2359,2458
2359,2457
2359,2457
2359,2458
2359,2458
2359,2458
2359,2457
2358,2458
2359,2458
2359,2457
2360,2458
2360,2458
2360,2458
2359,2458
2358,2458
2359,2458
2359,2458
2359,2458
2360,2457
2359,2457
2359,2457
2359,2457
2359,2457
2359,2457
2360,2458
2360,2458
2359,2458
2359,2457
2360,2457
2360,2458
2359,2458
2359,2458
2359,2457
2358,2458
2359,2458
2359,2458
2359,2457
2359,2457
2359,2457
2358,2457
2359,2457
2359,2457
2359,2457
2359,2457
2358,2457
2358,2458
2358,2457
2359,2457
2359,2457
2358,2457
2359,2457
2359,2458
2360,2457
2359,2457
2359,2457
2359,2457
2360,2457
2359,2456
2359,2457
2358,2457
2358,2457
2359,2457
2359,2457
2358,2457
2358,2457
2359,2456
2359,2457
2359,2457
2359,2456
2359,2457
2359,2456
2358,2457
2359,2457
2359,2456
2358,2456
2359,2456
2359,2456
2358,2456
2358,2456
2358,2457
2358,2456
2358,2456
2358,2457
2359,2456
2358,2456
2358,2456
2358,2456
2359,2456
2358,2456
2359,2457
2358,2457
2359,2456
2358,2456
2358,2456
2358,2456
2359,2456
2358,2455
2358,2457
2359,2456
2358,2456
2359,2457
2358,2456
2358,2455
2358,2457
2358,2456
2358,2456
2358,2456
2359,2456
2357,2456
2359,2456
2359,2456
2357,2456
2358,2455
2358,2456
2358,2456
2358,2456
2358,2456
2358,2455
2358,2455
2358,2456
2357,2456
2359,2456
2358,2455
2358,2456
2358,2456
2358,2456
2358,2456
2358,2456
2358,2455
2358,2455
2357,2456
2358,2456
2357,2455
2357,2455
2358,2455
2358,2455
2358,2456
2358,2455
2358,2455
2358,2456
2359,2456
2358,2455
2358,2456
2358,2455
2358,2455
2357,2454
2357,2456
2357,2456
2357,2455
2357,2455
2358,2455
2358,2454
2358,2454
2357,2455
2358,2455
2357,2455
2358,2455
2358,2454
2357,2455
2357,2454
2357,2455
2358,2455
2357,2455
2357,2454
2358,2455
2358,2455
2357,2455
2358,2455
2358,2455
2357,2455
2357,2454
2357,2455
2358,2455
2358,2454
2356,2455
2357,2455
2357,2454
2357,2455
2358,2455
2357,2454
2358,2455
2357,2454
2357,2454
2357,2454
2357,2455
2357,2454
2358,2455
2357,2454
2357,2455
2357,2454
2356,2455
2357,2454
2358,2454
2357,2454
2357,2454
2356,2454
2357,2454
2357,2454
2357,2455
2357,2453
2357,2455
2358,2454
2357,2454
2357,2454
2357,2454
2356,2454
2358,2453
2357,2454
2357,2454
2357,2454
2356,2454
2357,2454
2357,2454
2357,2454
2358,2454
2357,2453
2357,2454
2357,2454
2357,2454
2357,2454
2357,2454
2357,2454
2357,2453
2357,2453
2355,2454
2357,2453
2357,2453
2356,2454
2357,2454
2357,2454
2357,2453
2357,2453
2356,2453
2357,2454
2356,2453
2356,2454
2356,2454
2356,2453
2356,2453
2356,2454
2358,2454
2357,2454
2356,2454
2356,2454
2356,2453
2357,2453
2357,2454
2356,2454
2357,2454
2356,2454
2356,2453
2356,2453
2356,2453
2356,2453
2356,2453
2357,2453
2357,2453
2356,2453
2356,2453
2356,2453
2356,2452
2356,2452
2357,2453
2356,2453
2356,2453
2357,2453
2357,2453
2355,2453
2356,2453
2356,2453
2356,2453
2356,2453
2356,2453
2356,2453
2355,2453
2356,2453
2357,2453
2356,2453
2356,2452
2357,2453
2355,2452
2356,2453
2355,2452
2356,2452
2355,2452
2356,2453
2357,2452
2355,2452
2356,2452
2357,2452
2356,2453
2356,2453
2356,2452
2356,2452
2355,2452
2355,2453
2356,2452
2356,2453
2356,2453
2355,2452
2355,2452
2356,2453
2356,2452
2356,2452
2356,2452
2355,2452
2355,2452
2355,2452
2356,2452
2356,2452
2356,2452
2356,2452
2354,2452
2356,2452
2356,2452
2356,2453
2356,2452
2356,2452
2356,2453
2355,2452
2356,2453
2355,2451
2355,2452
2356,2452
2356,2451
2355,2452
2356,2452
2355,2452
2355,2451
2356,2452
2355,2452
2355,2452
2355,2452
2355,2452
2356,2452
2356,2452
2355,2451
2355,2452
2355,2452
2354,2451
2361,2452
2351,2459
2290,2444
2284,2344
2284,2326
2284,2324
2285,2324
2285,2323
2284,2324
2285,2324
2284,2324
2284,2324
2284,2324
2284,2324
2284,2324
2284,2324
2284,2324
2284,2324
2284,2324
